Penalty type,Penalty Type (key),Penalty description,Section no.,Max value
Imprisonment or Fine or Both,1,"Penalties.— Where a person contravenes the provisions of section 4 or fails to comply with the terms and conditions subject to which the authorisation has been issued under section 7, he shall be punishable with imprisonment for a term which shall not be less than one month but which may extend to ten years or with fine which may extend to one crore rupees or with both and with a further fine which may extend to one lakh rupees for every day, after the first during which the contravention or failure to comply continues.

","Section 26. (1) of Payment and Settlement Systems Act, 2007",imprisonment for a term may extend to ten years or with fine which may extend to one crore rupees or with both 
Fine ,2,"Penalty- If any provision of this Act is contravened, or if any default is made in complying with any other requirement of this Act, or of any regulation, order or direction made or given or condition imposed thereunder and in respect of which no penalty has been specified, then, the person guilty of such contravention or default, as the case may be, shall be punishable with fine which may extend to ten lakh rupees and where a contravention or default is a continuing one, with a further fine which may extend to twenty-five thousand rupees for every day, after the first during which the contravention or default continues. ","Section 26(6) of Payment and Settlement Systems Act, 2007",punishable with fine which may extend to ten lakh rupees
Penalty ,3,"Power of Reserve Bank to impose fines.—
(1) Notwithstanding anything contained in section 26, if a contravention or default of the nature referred to in sub-section (2) or sub-section (6) of section 26, as the case may be, the Reserve Bank may impose on the person contravening or committing default a penalty not exceeding five lakh rupees or twice the amount involved in such contravention or default where such amount is quantifiable, whichever is more, and where such contravention or default is a continuing one, a further penalty which may extend to twenty-five thousand rupees for every day after the first during which the contravention or default continues. 

(2) For the purpose of imposing penalty under sub-section (1), the Reserve Bank shall serve a notice on the defaulter requiring him to show cause why the amount specified in the notice should not be imposed as a penalty and a reasonable opportunity of being heard shall also be given to such defaulter. 

(3) Any penalty imposed by the Reserve Bank under this section shall be payable within a period of thirty days from the date on which notice issued by the Reserve Bank demanding payment of the sum is served on the defaulter and, in the event of failure of the person to pay the sum within such period, may be recovered on a direction made by the principal civil court having jurisdiction in the area where the registered office of the defaulter company or the official business of the person is situated: Provided that no such direction shall be made, except on an application made by an officer of the Reserve Bank authorised by it in this behalf. 

(4) The Reserve Bank may recover the amount of penalty by debiting the current account, if any, of the defaulter or by liquidating the securities held to the credit of the defaulter or in accordance with the provisions of this Act. 

(5) The court which makes a direction under sub-section (3) shall issue a certificate specifying the sum payable by the defaulter and every such certificate shall be enforceable in the same manner as it were a decree made by the court in a civil suit. 

(6) Where any complaint has been filed against any person in any court in respect of the contravention or default of the nature referred to in sub-section (2), or, as the case may be, sub-section (4) of section 26, then, no proceeding for the imposition of any penalty on the person shall be taken under this section. 
","Section 30 of Payment and Settlement Systems Act, 2007",penalty which may extend to twenty-five thousand rupees for every day after the first during which the contravention or default continues.
Fine ,4,"Breach in observing the obligation of Data Fiduciary to take reasonable security safeguards to prevent personal data breach under sub-section (5) of section 8. 
{May extend to two hundred and fifty crore rupees.}
","Schedule, Entry 1 of Digital Personal Data Protection Act, 2023",May extend to two hundred and fifty crore rupees
Fine ,5,"Breach in observing the obligation to give the Board or affected Data Principal notice of a personal data breach under sub-section (6) of section 8.
{May extend to two hundred crore rupees.}
","Schedule, Entry 2 of Digital Personal Data Protection Act, 2023",May extend to two hundred crore rupees
Fine ,6,"Breach in observance of additional obligations in relation to children under section 9. 
{May extend to two hundred crore rupees.}
","Schedule, Entry 3 of Digital Personal Data Protection Act, 2023",May extend to two hundred crore rupees
Fine ,7,Breach of other provision of this Act or the rules made thereunder - May extend to fifty Crore rupees.,"Schedule, Entry 7 of Digital Personal Data Protection Act, 2023",May extend to fifty Crore rupees.
Fine ,8,Breach in observance of additional obligations of Significant Data Fiduciary under section 10. {May extend to one hundred and fifty crore rupees.},"the Schedule, Entry 4, Digital Personal Data Protection Act, 2023
",May extend to one hundred and fifty crore rupees
Damages by way of Compensation,9,"Compensation for failure to protect Data:- Where a body corporate, possessing, dealing or handling any sensitive personal data or information in a computer resource which it owns, controls or operates, is negligent in implementing and maintaining reasonable security practices and procedures and thereby causes wrongful loss or wrongful gain to any person, such body corporate shall be liable to pay damages by way of compensation, to the person so affected.
","Section 43A Information Technology Act, 2000",Depend on the Damage Caused 
compensation ,10,"Residuary penalty.-Whoever contravenes any rules or regulations made under this Act, for the contravention of which no penalty has been separately provided, shall be liable to pay a compensation not exceeding twenty-five thousand rupees to the person affected by such contravention or a penalty not exceeding twenty-five thousand rupees.","Section 45 Information Technology Act, 2000",compensation not exceeding twenty-five thousand rupees
compensation ,11,"Penalty and Compensation for damage to computer, computer system, etc
If any person without permission of the owner or any other person who is incharge of a computer, computer system or computer network –   (a) accesses or secures access to such computer, computer system or computer network or computer resource;
(b) downloads, copies or extracts any data, computer data base or information from such computer, computer system or computer network including information or data held or stored in any removable storage medium;
(c) introduces or causes to be introduced any computer contaminant or computer virus into any computer, computer system or computer network;
(d) damages or causes to be damaged any computer, computer system or computer network, data, computer data base or any other programmes residing in such computer, computer system or computer network;
(e) disrupts or causes disruption of any computer, computer system or computer network;
(f) denies or causes the denial of access to any person authorised to access any computer, computer system or computer network by any means;
(g) provides any assistance to any person to facilitate access to a computer, computer system or computer network in contravention of the provisions of this Act, rules or regulations made thereunder;
(h) charges the services availed of by a person to the account of another person by tampering with or manipulating any computer, computer system, or computer network;
(i) destroys, deletes or alters any information residing in a computer resource or diminishes its value or utility or affects it injurously by any means;
(j) Steals, conceals, destroys or alters or causes any person to steal, conceal, destroy or alter any computer source code used for a computer resource with an intention to cause damage,
he shall be liable to pay damages by way of compensation to the person so affected.
Future Penalty
He shall be liable to pay damages by way of compensation not exceeding one crore rupees to the person so affected.
","Section 43 Information Technology Act, 2000",compensation not exceeding one crore rupees
Imprisonment or Fine ,12,"Tampering with Computer Source Documents:- Whoever knowingly or intentionally conceals, destroys or alters or intentionally or knowingly causes another to conceal, destroy or alter any computer source code used for a computer, computer programme, computer system or computer network, when the computer source code is required to be kept or maintained by law for the time being in force, shall be punishable with imprisonment up to three years, or with fine which may extend up to two lakh rupees, or with both.
","Section 65 Information Technology Act, 2000","imprisonment up to three years, or with fine which may extend up to two lakh rupees, or with both."
Imprisonment or Fine ,13,"Computer Related Offences:- If any person, dishonestly, or fraudulently, does any act referred to in section 43, he shall be punishable with imprisonment for a term which may extend to three years or with fine which may extend to five lakh rupees or with both.


","Section 66 Information Technology Act, 2000",Imprisonment for a term which may extend to three years or with fine which may extend to five lakh rupees or with both.
Imprisonment AND  Fine,14,"Offence of infringement of copyright or other rights conferred by this Act.— Any person who knowingly infringes or abets the infringement of— (a) the copyright in a work, or (b) any other right conferred by this Act except the right conferred by section 53A, shall be punishable with imprisonment for a term which shall not be less than six months but which may extend to three years and with fine which shall not be less than fifty thousand rupees but which may extend to two lakh rupees: Provided that where the infringement has not been made for gain in the course of trade or business the court may, for adequate and special reasons to be mentioned in the judgment, impose a sentence of imprisonment for a term of less than six months or a fine of less than fifty thousand rupees.","Section 63 The Copyright Act, 1957
",Imprisonment for a term may extend to three years and with fine may extend to two lakh rupees                                                                                  
Imprisonment AND  Fine,15,"Penalty for applying false trade marks, trade descriptions, etc.- Any person who- falsifies any trade mark; or
falsely applies to goods or services any trade mark; or
makes, disposes of, or has in his possession, any die, block, machine, plate or other instrument for the purpose of falsifying or of being used for falsifying, a trade mark; or
applies any false trade description to goods or services; or
applies to any goods to which an indication of the country or place in which they were made or produced or the name and address of the manufacturer or person for whom the goods are manufactured is required to be applied under section 139, a false in ication of such country, place, name or address; or
tampers with, alters or effaces an indication of origin which has been applied to any goods to which it is required to be applied under section 139; or
causes any of the things above- mentioned in this section to be done, shall, unless he proves that he acted, without intent to defraud, be punishable with imprisonment for a term which shall not be less than six months but which may extend to three years and with fine which shall not be less than fifty thousand rupees but hich may extend to two lakh rupees: Provided that the court may, for adequate and special reasons to be mentioned in the judgment, impose a sentence of imprisonment for a term of less than six months or a fine of less than fifty thousand rupees.
","Section 103  The trademark act, 1999
",imprisonment for a term may extend to three years and with fine which shall may extend to two lakh rupees: