Question no.,Question,Keyword 1,Keyword 2,Keyword 3,Keyword 4,Keyword 5,Keyword 6,Keyword 7,Keyword 8,Keyword 9,Keyword 10,Keyword 11,Keyword 12,Keyword 13,Keyword 14,Keyword 15,Penalty type,Penalty Type (keys)
Question 1,"Do you disclose the terms and conditions, charges and liability to the customers?",Yes ,,,,,,,,,,,,,,,,
Question 2,Do you maintain a separate account for the customer's funds?,Yes,,,,,,,,,,,,,,,"Fine , Penalty ",
Question 3,Do you operate with a valid license issued by the Reserve Bank of India?,Yes,,,,,,,,,,,,,,,"Imprisonment or Fine or Both , compensation ",
Question 4,Do you maintain the Personal Data Records of the customers?,Yes ,,,,,,,,,,,,,,,Fine ,
Question 5,Do you obtain and record consent from users for processing their personal data?,Consent Request Notice in process,Explicit opt-in forms,,Consent of guardian on behalf of Child,Right to Withdraw Consent,Correction and Erasure Of personal Data ,,,,,,,,,,Fine ,
Question 6,"Do you ensure that only the necessary personal data is collected and processed by Computer system ?
",Purpose limitation ,Lawful purpose,"consent, ","legitimate uses, not expressly forbidden by law",Impact assessment.,"security practices, ","wrongful loss, wrongful gain",,,,,,,,,"Fine , compensation ",
Question 7,Do you conduct security audits or assessments?,Periodic Audits ,Data Protection Impact Assessment ,Data Auditor,Data Protection Officer,"consent, Lawful purpose",Internal Security Audits,External Audit,Reasonable security practices,"Fraud Risk Management,","Periodic Legal Audit, ","pre-implementation, post implementation",,,,,"Fine , compensation ",
Question 8,Do you ensure that your Computer System align with IPR Laws?,copyright infringed,,Infringment of registered Trade mark ,,,,,,,,,,,,,Imprisonment AND  Fine,
Question 9,Do you identify and track High-Risk Computer Systems which you develop or use to manage the cybersecurity risks ?,Security Controls ,Conformity Assessment ,Risk management system ,KYC,Due Diligence Report,"authorised agents confidentiality, ",privacy of information.,security practices,,,,,,,,compensation,
Question 10,What effective ways are used by you to protect data?,Web filtering ,,Use of cryptography,Security controls,Secure PIN management,", Protect cardholder data at terminals, Reporting of Fraud",,Data Processor ,Data Auditor,"Secure authentication processes, ",Encrypt card data immediately,Install Tools.,"e-KYC authentication, ","Aadhaar number,
",,"compensation, Imprisonment or Fine ",
Question 11,How Do you ensure you are not involved in any prohibited Unlawful activities related to computer System?,,,,Unauthorized access,Unlawful content.,introducing viruses or harmful code.,,,,,,,,,,"compensation, Imprisonment or Fine ",